UserID,Username,FirstName,LastName,Email,PhoneNumber,Address,Balance,DateJoined,IsActive,IsStaff,IsSuperuser,LastLogin
1,lynchamber,Jean,Mercer,kmcclure@example.net,920.314.5727x275,"50142 Laura Gardens North Taylorborough, HI 05543",1972.37,2022-08-02,False,True,True,2024-10-24
2,wendy37,James,Chavez,hensleywilliam@example.com,(574)560-0605x917,"7924 Lozano Burgs Suite 088 West Matthewville, MN 25090",2653.4,2021-04-13,True,True,True,2024-04-24
3,bennettapril,John,Navarro,richard39@example.com,901-616-3723x554,"629 Vega Brook Kimland, FL 52514",1274.35,2024-08-28,False,False,True,2024-08-19
4,tracy72,Susan,Dalton,michael82@example.com,388.393.7097x876,"61505 Jill Estates West Nancy, IN 46594",3210.9,2023-04-11,True,False,False,2024-07-30
5,david55,Megan,Taylor,tmurphy@example.net,+1-484-458-6482x40372,"964 Ronald Rue Apt. 985 South Stevenfort, VI 41282",2365.78,2020-08-11,True,True,False,2024-06-05
6,fgriffin,Gregory,Robinson,awhitney@example.net,001-243-242-1145x945,"42087 Rosales Squares Suite 551 Port Ryanshire, IA 44125",1934.57,2020-01-10,False,False,False,2024-08-06
7,lynchkendra,Alyssa,Dean,jennifer31@example.org,(977)260-4392x8220,"08024 Durham Port Apt. 386 East Daniellestad, PR 68174",2623.62,2020-10-09,True,True,False,2024-03-19
8,victoriawilliams,John,Myers,yhatfield@example.com,(578)469-2712,"73805 Nathan Spring Erinville, AK 80939",2577.25,2020-09-06,False,False,True,2024-06-19
9,townsenddaniel,Tina,Morris,robertssusan@example.com,3517883122,"34302 Ashley Points Apt. 936 West Adam, PA 76154",1420.52,2023-12-24,True,True,False,2024-11-16
10,keith82,Jane,Turner,wmartin@example.net,+1-255-840-9530x2354,"81415 Walsh Light Antoniofort, AL 13239",4391.2,2021-01-08,False,True,False,2024-08-22
11,whiteheadkathleen,Jeff,Davis,upayne@example.com,343-685-6852x5706,"1835 Reed Circle Lake Virginia, ID 96534",2997.24,2023-12-25,False,True,False,2024-09-03
12,rmiller,Michelle,Scott,daniellemartinez@example.net,234-816-3998,USS Green FPO AE 03537,2936.39,2021-11-12,True,False,True,2024-11-06
13,nicole88,Allison,Bailey,hblair@example.org,+1-429-776-8140x8488,"33008 Dickerson Mall Suite 242 Flemingburgh, WA 15598",4425.71,2020-07-30,False,False,True,2024-02-07
14,thorntonjames,Ronald,Castro,xhubbard@example.net,881.954.2157,"5900 Young Flat New Briannaview, TN 44606",953.26,2023-01-27,True,True,True,2024-07-27
15,jeffreynelson,Shawn,Chang,austinbrandi@example.org,7923747560,"855 Chad Pike Glennberg, MD 14975",4506.94,2024-01-12,True,False,False,2024-02-17
16,johnguerrero,Angela,Pruitt,lauramartin@example.org,(232)887-6063x85523,"56288 Rachel Cliffs Amyhaven, VT 45673",3013.0,2023-10-01,True,True,False,2024-04-12
17,qadams,Tracy,Delacruz,christopher15@example.org,946.984.7094x56392,"356 Anderson Walks Suite 658 East Andrea, WI 53864",4450.66,2022-09-17,False,False,False,2024-01-27
18,schroedermichael,Lauren,Farrell,smiththomas@example.com,001-379-726-8576x366,"5093 Brewer Trail Apt. 963 North Kenneth, DE 96526",3581.61,2020-12-26,False,False,True,2024-07-24
19,wilsonjohn,Angela,Boyer,kim95@example.net,5325481099,"941 Austin Land East Ruben, NM 62437",2334.37,2020-08-04,False,False,False,2024-08-17
20,yolanda44,Nicole,Morris,ofitzgerald@example.com,873.279.2462,"889 Melanie Shore Sandersfurt, ME 31814",3708.93,2022-01-06,True,False,False,2024-04-07
21,ucastro,Timothy,Hull,fbrown@example.com,+1-455-203-2368x58689,"4918 Eric Fall Suite 595 Williamshaven, NV 74757",540.31,2021-06-15,False,False,True,2024-05-11
22,michelle11,Robert,Munoz,karen16@example.net,652.465.6626x78723,"8922 Greg Hills East Joseph, PR 20032",2002.19,2020-12-19,True,False,True,2024-09-12
23,fsimmons,Matthew,Bentley,asingh@example.org,+1-516-628-7915x10696,"157 Adams Walks Apt. 245 Juanberg, VA 39902",1983.48,2024-07-11,True,False,True,2024-11-20
24,morrisondenise,Marilyn,Jones,james64@example.net,(939)684-2247x049,"2214 Mosley Freeway West Christopher, MS 89749",4410.38,2024-08-09,False,False,True,2024-08-19
25,cody22,Robert,Long,karenhendrix@example.com,747.625.5293x1895,"7736 Cline Springs Suite 733 New Joshuashire, PR 61117",3708.23,2021-01-23,True,False,False,2024-10-02
26,parrishbianca,Diana,Patel,owalls@example.net,983-267-2735x14896,"532 Daniel Land Suite 530 Laurastad, WA 81011",1571.75,2020-05-29,False,True,False,2024-02-12
27,amber05,Jason,Stokes,charlesjohnson@example.com,754-694-8886,"2841 Justin Knoll Dustinfurt, TN 57569",1736.78,2023-01-26,True,False,False,2024-02-01
28,ifigueroa,Travis,Young,brandon10@example.net,386-280-3815x118,"13365 Nicole Flat Suite 628 Jacksonstad, IN 03457",1675.48,2021-11-24,False,True,True,2024-02-14
29,samantha49,Kristine,Smith,markmcneil@example.com,665.478.9970,"3688 Vega Underpass Rebeccafort, AL 37306",4639.14,2021-08-26,True,False,True,2024-07-22
30,cmckinney,Christopher,Roberts,robert11@example.com,428-780-4513x7290,"38721 Christopher Loaf Jameshaven, CT 30031",1520.19,2023-03-23,True,False,True,2024-03-05
31,cyates,Robert,Carter,garybutler@example.com,001-885-818-9637x39597,"5263 Julie Skyway Apt. 283 Lake Jessicafurt, OK 08383",1840.02,2021-07-08,True,False,True,2024-10-10
32,gtapia,Donna,Cooper,pmoody@example.com,557.497.8872,"5172 Duncan Lodge Apt. 923 North Seanberg, TN 54046",4901.29,2024-01-16,True,False,True,2024-11-13
33,andrew04,James,Bell,downsnicholas@example.org,(679)658-7461x2033,"03614 Joseph Parkways Stanleyburgh, OH 11240",3344.27,2021-10-06,True,False,False,2024-07-10
34,sotolinda,Susan,Castro,crawfordnatalie@example.org,4308964934,"87122 Jerry River Apt. 951 South James, AK 93653",1805.64,2021-04-25,True,False,False,2024-08-18
35,maxwellhannah,Stephanie,Richardson,nlucas@example.com,395.646.3157x69344,"5217 Carla Street Suite 859 South Jason, MO 03072",4115.3,2024-10-17,True,False,True,2024-03-19
36,john90,Desiree,Harding,nathan30@example.net,+1-463-522-7970x912,"97220 Hernandez Parkways Apt. 171 Clarkborough, OH 61838",3601.04,2021-01-03,True,True,False,2024-10-02
37,kgriffin,Anita,Jones,brianhiggins@example.com,575.862.9058x750,"8948 Alexis Lock Apt. 150 Allisonstad, IL 20415",4009.7,2022-10-24,True,False,True,2024-04-29
38,denisedavis,Seth,Gomez,jake85@example.com,918-933-7929,"0577 Sarah Estate Suite 434 New Mistytown, CA 45965",3014.52,2023-07-30,True,True,True,2024-07-14
39,tsingleton,Douglas,Mason,robert54@example.com,976-744-6862,"776 Andrea Land Apt. 374 North Steve, ID 76146",533.46,2023-03-30,False,True,True,2024-09-27
40,johnsonrhonda,Keith,Morris,hgreene@example.org,311-941-3199x104,"59107 Spencer Corners Perkinsburgh, MI 45603",1737.95,2022-08-13,False,True,False,2024-04-10
41,mjackson,Kathy,Harris,billyjones@example.net,+1-796-701-6655x1224,"12500 Julie Stravenue New Angela, MA 18679",2898.2,2021-09-23,False,True,True,2024-04-09
42,nicole51,Julie,Roberts,opham@example.net,740.842.6204,"153 Henderson Expressway Apt. 191 New Mary, MD 91717",500.17,2023-01-09,True,True,False,2024-11-06
43,rachaelmoore,Benjamin,Lowe,timothy89@example.org,(724)542-3446,"24077 Kimberly Streets Apt. 495 East Christine, VA 50545",4379.72,2020-08-24,False,True,False,2024-09-22
44,hcharles,Philip,Jones,ericksontiffany@example.org,229-742-2667x9069,"443 Lyons Stream Sierraburgh, PR 10011",3415.51,2020-06-13,False,True,True,2024-10-05
45,lisacontreras,Eric,Thomas,uburke@example.com,(613)444-4332x0300,"PSC 1291, Box 3212 APO AP 95044",2489.24,2024-07-25,False,False,True,2024-08-05
46,rwalton,John,Carlson,woodardmackenzie@example.org,001-582-305-8282x4800,"419 Amy Street Lake Andrewville, NH 56051",1151.86,2021-02-25,True,True,False,2024-02-25
47,hollysalinas,Robert,Williams,hodgeschristopher@example.com,+1-270-493-2618x51165,"11875 Morgan Stravenue Barbermouth, CO 38740",2321.89,2022-07-20,True,False,True,2024-07-24
48,nperez,Roberta,Edwards,robertmitchell@example.org,791-430-5120,"50889 Clark Lock Apt. 786 West David, GA 85240",1260.7,2022-06-10,False,False,False,2024-10-11
49,tracywilliams,Angela,Smith,anthonyrogers@example.org,001-289-500-6465,"5338 Tyler Drive Guybury, CT 44459",4281.87,2021-11-13,True,True,True,2024-01-23
50,stewartlisa,Bradley,Bowers,wwilliams@example.com,323.404.6644x24740,"0768 Thomas Road Davisberg, NV 69490",4096.13,2023-05-19,True,False,True,2024-04-30
51,andrew72,Rodney,Richardson,angelabailey@example.org,+1-727-671-7474x862,"8963 Darren Course Stephenport, IL 07691",777.05,2023-02-18,False,False,True,2024-06-06
52,melissa06,Jesus,Villanueva,troy53@example.net,001-372-337-9717x9358,"401 Mary Estates Blankenshipfort, NH 85982",2473.25,2024-06-24,False,False,True,2024-04-12
53,stephaniecallahan,Penny,Peters,qjacobson@example.net,(210)271-2919x6351,"6408 Hill Flat Torresville, WV 62904",4269.85,2020-04-30,False,True,True,2024-08-18
54,ronald55,Megan,Hubbard,aaronjenkins@example.com,001-592-533-4155,USS Mason FPO AP 53181,2828.03,2020-07-04,False,False,True,2024-11-19
55,pparks,Mary,Wilson,taylor16@example.org,8532425879,"18814 Vasquez Squares Apt. 619 North Thomasmouth, MA 64089",3338.56,2021-07-21,False,True,True,2024-09-10
56,tcampbell,Peter,Wallace,brandonfischer@example.net,684.762.6209x16010,"644 Brandon Ramp Apt. 141 West Meganmouth, WY 26901",3565.03,2020-10-18,True,False,True,2024-03-20
57,lbradley,Alejandro,Newman,vshaffer@example.net,935-797-6713x4868,"673 Ramirez Union Apt. 942 Port Logan, LA 49636",1093.78,2020-04-05,False,False,False,2024-04-27
58,corey36,Edward,Garrett,jennifermendez@example.org,444-749-9302x8318,"812 Gibson Parks South Brian, CA 00639",4447.54,2022-02-25,True,False,True,2024-05-27
59,markmartin,Debra,Mcguire,robertcrawford@example.net,255.467.3402x774,"266 Turner Courts Ashleymouth, VA 41971",4342.96,2020-12-17,False,True,False,2024-11-01
60,chadjohnson,Anthony,Taylor,bradleygross@example.org,001-726-311-4798x421,"17283 Thomas Divide East Jasonland, SC 77136",4180.22,2020-05-02,True,False,False,2024-07-28
61,jaime13,Mary,Prince,valeriegutierrez@example.org,397-892-5895,"0695 Rose Camp Suite 240 North Heather, CA 40574",822.97,2020-02-26,True,False,True,2024-04-14
62,qjensen,Katherine,Young,kathrynhernandez@example.net,(938)753-9054x50830,"81447 Kenneth Dale Apt. 696 Leslieton, OK 34230",1087.88,2022-10-13,True,False,False,2024-06-10
63,matthew52,Susan,Jones,francisco15@example.com,+1-441-207-1410x8262,"12093 Erin Common North Jamie, HI 22987",743.79,2021-07-10,False,False,True,2024-03-24
64,davisadam,Jennifer,Carter,raymondherrera@example.com,8696780174,"8220 Reyes Ridge Suite 739 Samanthaport, DC 57309",4989.4,2020-11-06,False,False,False,2024-06-01
65,williamsanders,Jeremy,Jackson,ibarrera@example.net,+1-628-588-0469x8703,"2316 Carrillo Valley Hannahshire, GU 84527",2511.28,2022-10-31,False,True,False,2024-05-01
66,stevenberg,Tonya,Thompson,nlopez@example.org,242-867-2383x652,"753 Jenkins Centers Roymouth, HI 34073",4846.53,2023-11-29,False,False,False,2024-08-15
67,brandonjordan,Dustin,Lutz,jeremy19@example.net,+1-268-573-9418x261,Unit 4985 Box 9822 DPO AP 38214,4859.33,2020-12-05,True,False,False,2024-08-10
68,ernest51,Eric,Clark,hartmanrhonda@example.com,(452)771-8352,"076 Castaneda Orchard Lake Jeremy, AS 70184",2836.16,2021-04-25,True,False,False,2024-10-28
69,jonathan71,Holly,Ortega,kimberly61@example.org,(263)959-7441,"223 Curry Plaza Melissastad, ID 19575",1727.08,2024-06-06,True,False,True,2024-05-02
70,heather02,Thomas,Harrison,weberdavid@example.com,(790)917-8413x71137,"26118 Linda Keys Suite 341 West Laurenhaven, KS 47337",1150.91,2022-04-07,False,True,False,2024-01-18
71,donald96,David,Palmer,katherine67@example.net,(590)333-9284,"092 Roberts Squares West Jeremy, ID 20541",2161.33,2023-06-13,False,True,True,2024-09-14
72,mcohen,Billy,Tran,edwardcoleman@example.org,856-374-5401,"64285 Hale Center Apt. 508 North Deborah, MD 47970",1074.63,2020-05-13,True,True,False,2024-04-02
73,lindamcintyre,James,Coleman,gaypaul@example.net,(712)999-7979x147,"78985 Taylor Alley Suite 797 Braunbury, DE 60561",4523.26,2024-05-17,True,True,True,2024-07-06
74,tarafarmer,Victoria,Ball,asmith@example.com,(625)455-2686x6611,"1937 Salazar Mission Ramseytown, NV 76648",4401.34,2020-07-28,False,False,True,2024-06-17
75,robertstewart,Jeffrey,Brandt,kathleen33@example.com,359.425.0864x27809,"5093 Mary Valley Apt. 105 Lake Lisa, ND 39148",1820.33,2022-08-02,True,False,False,2024-09-13
76,martinzachary,Theresa,Barnes,kellygregory@example.com,001-458-396-9577x524,"6011 Craig Pass Apt. 735 Danielhaven, DE 07852",3433.81,2020-07-02,True,True,False,2024-02-19
77,robinsonangela,Nancy,Fields,johnsonlynn@example.net,644-907-4596,"6036 Kennedy Squares Apt. 107 Michaelchester, OK 53359",733.48,2024-09-29,True,True,False,2024-10-20
78,jacob00,Chad,Walker,ymoore@example.net,876-892-1980,"288 Evans Street Moniqueton, NE 35989",4804.14,2024-06-08,True,False,True,2024-06-03
79,yrobinson,Carly,Gregory,ashley45@example.org,+1-276-688-3416x76984,Unit 8834 Box 3473 DPO AP 48107,2311.52,2023-09-26,False,False,True,2024-03-14
80,nelsonjennifer,Valerie,Adams,thomaskevin@example.com,578-736-8036x74354,USNV Castillo FPO AA 07942,1254.46,2020-07-26,False,False,True,2024-11-16
81,fmartinez,Jennifer,Walker,pnavarro@example.com,928.273.2073x286,"9397 Owens Harbors Suite 871 Robertsonmouth, PA 72185",3553.8,2022-02-19,False,True,False,2024-03-09
82,charlesrodriguez,Mark,Acosta,aliciaenglish@example.com,426.615.6894x359,"1868 Collins Landing Russellside, DC 15855",613.19,2024-05-11,True,True,True,2024-01-16
83,yperez,Joel,Brown,melinda09@example.org,670.346.1761,"91362 Thomas Forge Rachelton, MI 43892",513.95,2022-11-18,True,True,False,2024-06-14
84,whayes,Melissa,Lopez,briley@example.org,001-847-263-8091x65250,"718 Morrison Plain New Danielview, ND 02011",4514.84,2024-10-17,True,False,False,2024-02-09
85,ssmith,Devon,Jones,hurstjohnny@example.net,(790)251-2974x641,"02578 Cardenas Mall Port Jamesstad, CA 83882",761.17,2023-10-20,True,True,True,2024-03-23
86,cking,Melissa,Holland,tayloramanda@example.com,+1-215-583-4953x954,"5311 Patrick Fork Apt. 925 East Patrickport, WA 03615",1305.26,2020-03-05,False,True,True,2024-10-07
87,daniel11,Cody,Roberts,martin79@example.org,937.646.0949x30725,"80623 Kimberly Wells Lake Christopher, IL 18799",974.01,2022-01-16,False,True,False,2024-07-27
88,charles41,Tracey,Smith,larsonchristopher@example.org,001-332-256-7869,"249 Andrew Throughway South Rebeccaton, OR 46652",662.0,2020-12-03,False,True,False,2024-10-29
89,madeline10,Diana,Kelly,kenneth75@example.net,001-577-392-0960x589,"3231 Howe Fall Apt. 546 Port Franciscoville, AL 28735",3609.56,2020-03-22,True,True,True,2024-08-22
90,callahantaylor,Kendra,Gibson,xwhitaker@example.com,4605546117,"7263 Henry Parks Edwardbury, ME 23916",3465.67,2023-12-29,True,True,True,2024-01-08
91,javila,Kevin,Stanley,emily72@example.com,542-470-6723x6471,"54776 Rich Shoals Jessicaville, IN 17454",1058.82,2023-01-09,False,True,True,2024-03-03
92,justin16,Dawn,Schmitt,claudia50@example.org,001-949-429-1654x938,"93244 Jacqueline Views Apt. 001 New Jesus, VT 41710",2241.67,2024-07-23,False,True,False,2024-07-04
93,oliviapierce,Joseph,Williams,mullinskimberly@example.net,956.262.6300x5210,"1419 Grimes Unions Martinfort, ND 11605",1840.15,2020-01-11,False,True,False,2024-06-08
94,unguyen,David,Hamilton,scott15@example.com,757.342.5521x8497,"53940 Amy Walks Suite 621 Joycetown, MS 01488",579.32,2022-05-29,False,False,True,2024-02-23
95,igriffin,Jennifer,West,corygonzalez@example.org,+1-957-985-6110,Unit 0728 Box 1774 DPO AA 69014,3200.65,2021-04-18,False,True,True,2024-01-06
96,youngjames,Latoya,Dunlap,spencer21@example.com,(218)867-7993,Unit 6717 Box 5815 DPO AP 55570,3208.69,2023-02-18,False,False,False,2024-02-24
97,cjackson,Charles,Johnson,garnercrystal@example.com,4655801584,Unit 2919 Box 7039 DPO AE 20104,808.04,2022-01-12,False,False,False,2024-09-14
98,lorialvarado,Craig,Davis,zhaley@example.org,722.906.7904x8970,"46010 Carlson Ridge Suite 719 Lake Elizabethchester, CA 25614",2812.66,2024-10-12,False,False,True,2024-06-03
99,sanchezmarc,Steve,Carr,mdickson@example.org,247.668.3319x54909,"15460 Jamie Run Apt. 100 Lake Jennaside, IN 35159",1069.28,2022-03-26,False,True,False,2024-05-22
100,michaelsanchez,Lauren,Lewis,abigail54@example.net,216.542.8638x419,"5029 Leach Greens South Rick, NH 83685",4869.75,2021-02-27,True,False,True,2024-02-06
